     shots,    errors,  discards, seconds,decoder,strong_id,json_metadata,custom_counts
         1,         0,         0,    19.9,bposd,054e4755f23154c05fa1e8024ed97c94cd0a202afaef1afa6d543575563fe7b6,"{""A"":""x0y0+x2y17+x8y11"",""B"":""x0y15+x2y15+x6y11"",""b"":""X"",""d"":18,""excl_opp_detectors"":""True"",""k"":16,""l"":10,""leak_heralds"":""False"",""leak_repump"":""True"",""leakage"":""True"",""loss"":""True"",""m"":21,""n"":420,""p"":0.001,""prllel_1q"":336,""prllel_2q"":84,""r"":20,""repump_cycles"":3,""seq_meas"":""True"",""seq_ops"":""True"",""swapLRC"":""False""}",
         1,         1,         0,    20.0,bposd,054e4755f23154c05fa1e8024ed97c94cd0a202afaef1afa6d543575563fe7b6,"{""A"":""x0y0+x2y17+x8y11"",""B"":""x0y15+x2y15+x6y11"",""b"":""X"",""d"":18,""excl_opp_detectors"":""True"",""k"":16,""l"":10,""leak_heralds"":""False"",""leak_repump"":""True"",""leakage"":""True"",""loss"":""True"",""m"":21,""n"":420,""p"":0.001,""prllel_1q"":336,""prllel_2q"":84,""r"":20,""repump_cycles"":3,""seq_meas"":""True"",""seq_ops"":""True"",""swapLRC"":""False""}",
         1,         1,         0,    20.4,bposd,054e4755f23154c05fa1e8024ed97c94cd0a202afaef1afa6d543575563fe7b6,"{""A"":""x0y0+x2y17+x8y11"",""B"":""x0y15+x2y15+x6y11"",""b"":""X"",""d"":18,""excl_opp_detectors"":""True"",""k"":16,""l"":10,""leak_heralds"":""False"",""leak_repump"":""True"",""leakage"":""True"",""loss"":""True"",""m"":21,""n"":420,""p"":0.001,""prllel_1q"":336,""prllel_2q"":84,""r"":20,""repump_cycles"":3,""seq_meas"":""True"",""seq_ops"":""True"",""swapLRC"":""False""}",
         1,         1,         0,    20.8,bposd,054e4755f23154c05fa1e8024ed97c94cd0a202afaef1afa6d543575563fe7b6,"{""A"":""x0y0+x2y17+x8y11"",""B"":""x0y15+x2y15+x6y11"",""b"":""X"",""d"":18,""excl_opp_detectors"":""True"",""k"":16,""l"":10,""leak_heralds"":""False"",""leak_repump"":""True"",""leakage"":""True"",""loss"":""True"",""m"":21,""n"":420,""p"":0.001,""prllel_1q"":336,""prllel_2q"":84,""r"":20,""repump_cycles"":3,""seq_meas"":""True"",""seq_ops"":""True"",""swapLRC"":""False""}",
         1,         1,         0,    21.2,bposd,054e4755f23154c05fa1e8024ed97c94cd0a202afaef1afa6d543575563fe7b6,"{""A"":""x0y0+x2y17+x8y11"",""B"":""x0y15+x2y15+x6y11"",""b"":""X"",""d"":18,""excl_opp_detectors"":""True"",""k"":16,""l"":10,""leak_heralds"":""False"",""leak_repump"":""True"",""leakage"":""True"",""loss"":""True"",""m"":21,""n"":420,""p"":0.001,""prllel_1q"":336,""prllel_2q"":84,""r"":20,""repump_cycles"":3,""seq_meas"":""True"",""seq_ops"":""True"",""swapLRC"":""False""}",
         1,         1,         0,    21.3,bposd,054e4755f23154c05fa1e8024ed97c94cd0a202afaef1afa6d543575563fe7b6,"{""A"":""x0y0+x2y17+x8y11"",""B"":""x0y15+x2y15+x6y11"",""b"":""X"",""d"":18,""excl_opp_detectors"":""True"",""k"":16,""l"":10,""leak_heralds"":""False"",""leak_repump"":""True"",""leakage"":""True"",""loss"":""True"",""m"":21,""n"":420,""p"":0.001,""prllel_1q"":336,""prllel_2q"":84,""r"":20,""repump_cycles"":3,""seq_meas"":""True"",""seq_ops"":""True"",""swapLRC"":""False""}",
         1,         1,         0,    21.5,bposd,054e4755f23154c05fa1e8024ed97c94cd0a202afaef1afa6d543575563fe7b6,"{""A"":""x0y0+x2y17+x8y11"",""B"":""x0y15+x2y15+x6y11"",""b"":""X"",""d"":18,""excl_opp_detectors"":""True"",""k"":16,""l"":10,""leak_heralds"":""False"",""leak_repump"":""True"",""leakage"":""True"",""loss"":""True"",""m"":21,""n"":420,""p"":0.001,""prllel_1q"":336,""prllel_2q"":84,""r"":20,""repump_cycles"":3,""seq_meas"":""True"",""seq_ops"":""True"",""swapLRC"":""False""}",
         1,         1,         0,    21.9,bposd,054e4755f23154c05fa1e8024ed97c94cd0a202afaef1afa6d543575563fe7b6,"{""A"":""x0y0+x2y17+x8y11"",""B"":""x0y15+x2y15+x6y11"",""b"":""X"",""d"":18,""excl_opp_detectors"":""True"",""k"":16,""l"":10,""leak_heralds"":""False"",""leak_repump"":""True"",""leakage"":""True"",""loss"":""True"",""m"":21,""n"":420,""p"":0.001,""prllel_1q"":336,""prllel_2q"":84,""r"":20,""repump_cycles"":3,""seq_meas"":""True"",""seq_ops"":""True"",""swapLRC"":""False""}",
         1,         1,         0,    21.5,bposd,054e4755f23154c05fa1e8024ed97c94cd0a202afaef1afa6d543575563fe7b6,"{""A"":""x0y0+x2y17+x8y11"",""B"":""x0y15+x2y15+x6y11"",""b"":""X"",""d"":18,""excl_opp_detectors"":""True"",""k"":16,""l"":10,""leak_heralds"":""False"",""leak_repump"":""True"",""leakage"":""True"",""loss"":""True"",""m"":21,""n"":420,""p"":0.001,""prllel_1q"":336,""prllel_2q"":84,""r"":20,""repump_cycles"":3,""seq_meas"":""True"",""seq_ops"":""True"",""swapLRC"":""False""}",
         1,         1,         0,    22.0,bposd,054e4755f23154c05fa1e8024ed97c94cd0a202afaef1afa6d543575563fe7b6,"{""A"":""x0y0+x2y17+x8y11"",""B"":""x0y15+x2y15+x6y11"",""b"":""X"",""d"":18,""excl_opp_detectors"":""True"",""k"":16,""l"":10,""leak_heralds"":""False"",""leak_repump"":""True"",""leakage"":""True"",""loss"":""True"",""m"":21,""n"":420,""p"":0.001,""prllel_1q"":336,""prllel_2q"":84,""r"":20,""repump_cycles"":3,""seq_meas"":""True"",""seq_ops"":""True"",""swapLRC"":""False""}",
         1,         0,         0,    21.9,bposd,054e4755f23154c05fa1e8024ed97c94cd0a202afaef1afa6d543575563fe7b6,"{""A"":""x0y0+x2y17+x8y11"",""B"":""x0y15+x2y15+x6y11"",""b"":""X"",""d"":18,""excl_opp_detectors"":""True"",""k"":16,""l"":10,""leak_heralds"":""False"",""leak_repump"":""True"",""leakage"":""True"",""loss"":""True"",""m"":21,""n"":420,""p"":0.001,""prllel_1q"":336,""prllel_2q"":84,""r"":20,""repump_cycles"":3,""seq_meas"":""True"",""seq_ops"":""True"",""swapLRC"":""False""}",
         1,         1,         0,    22.4,bposd,054e4755f23154c05fa1e8024ed97c94cd0a202afaef1afa6d543575563fe7b6,"{""A"":""x0y0+x2y17+x8y11"",""B"":""x0y15+x2y15+x6y11"",""b"":""X"",""d"":18,""excl_opp_detectors"":""True"",""k"":16,""l"":10,""leak_heralds"":""False"",""leak_repump"":""True"",""leakage"":""True"",""loss"":""True"",""m"":21,""n"":420,""p"":0.001,""prllel_1q"":336,""prllel_2q"":84,""r"":20,""repump_cycles"":3,""seq_meas"":""True"",""seq_ops"":""True"",""swapLRC"":""False""}",
         1,         1,         0,    22.4,bposd,054e4755f23154c05fa1e8024ed97c94cd0a202afaef1afa6d543575563fe7b6,"{""A"":""x0y0+x2y17+x8y11"",""B"":""x0y15+x2y15+x6y11"",""b"":""X"",""d"":18,""excl_opp_detectors"":""True"",""k"":16,""l"":10,""leak_heralds"":""False"",""leak_repump"":""True"",""leakage"":""True"",""loss"":""True"",""m"":21,""n"":420,""p"":0.001,""prllel_1q"":336,""prllel_2q"":84,""r"":20,""repump_cycles"":3,""seq_meas"":""True"",""seq_ops"":""True"",""swapLRC"":""False""}",
         1,         0,         0,    23.0,bposd,054e4755f23154c05fa1e8024ed97c94cd0a202afaef1afa6d543575563fe7b6,"{""A"":""x0y0+x2y17+x8y11"",""B"":""x0y15+x2y15+x6y11"",""b"":""X"",""d"":18,""excl_opp_detectors"":""True"",""k"":16,""l"":10,""leak_heralds"":""False"",""leak_repump"":""True"",""leakage"":""True"",""loss"":""True"",""m"":21,""n"":420,""p"":0.001,""prllel_1q"":336,""prllel_2q"":84,""r"":20,""repump_cycles"":3,""seq_meas"":""True"",""seq_ops"":""True"",""swapLRC"":""False""}",
         1,         0,         0,    23.3,bposd,054e4755f23154c05fa1e8024ed97c94cd0a202afaef1afa6d543575563fe7b6,"{""A"":""x0y0+x2y17+x8y11"",""B"":""x0y15+x2y15+x6y11"",""b"":""X"",""d"":18,""excl_opp_detectors"":""True"",""k"":16,""l"":10,""leak_heralds"":""False"",""leak_repump"":""True"",""leakage"":""True"",""loss"":""True"",""m"":21,""n"":420,""p"":0.001,""prllel_1q"":336,""prllel_2q"":84,""r"":20,""repump_cycles"":3,""seq_meas"":""True"",""seq_ops"":""True"",""swapLRC"":""False""}",
         1,         1,         0,    23.2,bposd,054e4755f23154c05fa1e8024ed97c94cd0a202afaef1afa6d543575563fe7b6,"{""A"":""x0y0+x2y17+x8y11"",""B"":""x0y15+x2y15+x6y11"",""b"":""X"",""d"":18,""excl_opp_detectors"":""True"",""k"":16,""l"":10,""leak_heralds"":""False"",""leak_repump"":""True"",""leakage"":""True"",""loss"":""True"",""m"":21,""n"":420,""p"":0.001,""prllel_1q"":336,""prllel_2q"":84,""r"":20,""repump_cycles"":3,""seq_meas"":""True"",""seq_ops"":""True"",""swapLRC"":""False""}",
         1,         1,         0,    23.1,bposd,054e4755f23154c05fa1e8024ed97c94cd0a202afaef1afa6d543575563fe7b6,"{""A"":""x0y0+x2y17+x8y11"",""B"":""x0y15+x2y15+x6y11"",""b"":""X"",""d"":18,""excl_opp_detectors"":""True"",""k"":16,""l"":10,""leak_heralds"":""False"",""leak_repump"":""True"",""leakage"":""True"",""loss"":""True"",""m"":21,""n"":420,""p"":0.001,""prllel_1q"":336,""prllel_2q"":84,""r"":20,""repump_cycles"":3,""seq_meas"":""True"",""seq_ops"":""True"",""swapLRC"":""False""}",
         1,         0,         0,    23.5,bposd,054e4755f23154c05fa1e8024ed97c94cd0a202afaef1afa6d543575563fe7b6,"{""A"":""x0y0+x2y17+x8y11"",""B"":""x0y15+x2y15+x6y11"",""b"":""X"",""d"":18,""excl_opp_detectors"":""True"",""k"":16,""l"":10,""leak_heralds"":""False"",""leak_repump"":""True"",""leakage"":""True"",""loss"":""True"",""m"":21,""n"":420,""p"":0.001,""prllel_1q"":336,""prllel_2q"":84,""r"":20,""repump_cycles"":3,""seq_meas"":""True"",""seq_ops"":""True"",""swapLRC"":""False""}",
         1,         0,         0,    23.2,bposd,054e4755f23154c05fa1e8024ed97c94cd0a202afaef1afa6d543575563fe7b6,"{""A"":""x0y0+x2y17+x8y11"",""B"":""x0y15+x2y15+x6y11"",""b"":""X"",""d"":18,""excl_opp_detectors"":""True"",""k"":16,""l"":10,""leak_heralds"":""False"",""leak_repump"":""True"",""leakage"":""True"",""loss"":""True"",""m"":21,""n"":420,""p"":0.001,""prllel_1q"":336,""prllel_2q"":84,""r"":20,""repump_cycles"":3,""seq_meas"":""True"",""seq_ops"":""True"",""swapLRC"":""False""}",
         1,         1,         0,    23.3,bposd,054e4755f23154c05fa1e8024ed97c94cd0a202afaef1afa6d543575563fe7b6,"{""A"":""x0y0+x2y17+x8y11"",""B"":""x0y15+x2y15+x6y11"",""b"":""X"",""d"":18,""excl_opp_detectors"":""True"",""k"":16,""l"":10,""leak_heralds"":""False"",""leak_repump"":""True"",""leakage"":""True"",""loss"":""True"",""m"":21,""n"":420,""p"":0.001,""prllel_1q"":336,""prllel_2q"":84,""r"":20,""repump_cycles"":3,""seq_meas"":""True"",""seq_ops"":""True"",""swapLRC"":""False""}",
         1,         1,         0,    24.1,bposd,054e4755f23154c05fa1e8024ed97c94cd0a202afaef1afa6d543575563fe7b6,"{""A"":""x0y0+x2y17+x8y11"",""B"":""x0y15+x2y15+x6y11"",""b"":""X"",""d"":18,""excl_opp_detectors"":""True"",""k"":16,""l"":10,""leak_heralds"":""False"",""leak_repump"":""True"",""leakage"":""True"",""loss"":""True"",""m"":21,""n"":420,""p"":0.001,""prllel_1q"":336,""prllel_2q"":84,""r"":20,""repump_cycles"":3,""seq_meas"":""True"",""seq_ops"":""True"",""swapLRC"":""False""}",
         1,         0,         0,    24.1,bposd,054e4755f23154c05fa1e8024ed97c94cd0a202afaef1afa6d543575563fe7b6,"{""A"":""x0y0+x2y17+x8y11"",""B"":""x0y15+x2y15+x6y11"",""b"":""X"",""d"":18,""excl_opp_detectors"":""True"",""k"":16,""l"":10,""leak_heralds"":""False"",""leak_repump"":""True"",""leakage"":""True"",""loss"":""True"",""m"":21,""n"":420,""p"":0.001,""prllel_1q"":336,""prllel_2q"":84,""r"":20,""repump_cycles"":3,""seq_meas"":""True"",""seq_ops"":""True"",""swapLRC"":""False""}",
         1,         1,         0,    24.1,bposd,054e4755f23154c05fa1e8024ed97c94cd0a202afaef1afa6d543575563fe7b6,"{""A"":""x0y0+x2y17+x8y11"",""B"":""x0y15+x2y15+x6y11"",""b"":""X"",""d"":18,""excl_opp_detectors"":""True"",""k"":16,""l"":10,""leak_heralds"":""False"",""leak_repump"":""True"",""leakage"":""True"",""loss"":""True"",""m"":21,""n"":420,""p"":0.001,""prllel_1q"":336,""prllel_2q"":84,""r"":20,""repump_cycles"":3,""seq_meas"":""True"",""seq_ops"":""True"",""swapLRC"":""False""}",
         1,         1,         0,    23.9,bposd,054e4755f23154c05fa1e8024ed97c94cd0a202afaef1afa6d543575563fe7b6,"{""A"":""x0y0+x2y17+x8y11"",""B"":""x0y15+x2y15+x6y11"",""b"":""X"",""d"":18,""excl_opp_detectors"":""True"",""k"":16,""l"":10,""leak_heralds"":""False"",""leak_repump"":""True"",""leakage"":""True"",""loss"":""True"",""m"":21,""n"":420,""p"":0.001,""prllel_1q"":336,""prllel_2q"":84,""r"":20,""repump_cycles"":3,""seq_meas"":""True"",""seq_ops"":""True"",""swapLRC"":""False""}",
         1,         1,         0,    24.0,bposd,054e4755f23154c05fa1e8024ed97c94cd0a202afaef1afa6d543575563fe7b6,"{""A"":""x0y0+x2y17+x8y11"",""B"":""x0y15+x2y15+x6y11"",""b"":""X"",""d"":18,""excl_opp_detectors"":""True"",""k"":16,""l"":10,""leak_heralds"":""False"",""leak_repump"":""True"",""leakage"":""True"",""loss"":""True"",""m"":21,""n"":420,""p"":0.001,""prllel_1q"":336,""prllel_2q"":84,""r"":20,""repump_cycles"":3,""seq_meas"":""True"",""seq_ops"":""True"",""swapLRC"":""False""}",
         1,         1,         0,    24.2,bposd,054e4755f23154c05fa1e8024ed97c94cd0a202afaef1afa6d543575563fe7b6,"{""A"":""x0y0+x2y17+x8y11"",""B"":""x0y15+x2y15+x6y11"",""b"":""X"",""d"":18,""excl_opp_detectors"":""True"",""k"":16,""l"":10,""leak_heralds"":""False"",""leak_repump"":""True"",""leakage"":""True"",""loss"":""True"",""m"":21,""n"":420,""p"":0.001,""prllel_1q"":336,""prllel_2q"":84,""r"":20,""repump_cycles"":3,""seq_meas"":""True"",""seq_ops"":""True"",""swapLRC"":""False""}",
         1,         1,         0,    24.6,bposd,054e4755f23154c05fa1e8024ed97c94cd0a202afaef1afa6d543575563fe7b6,"{""A"":""x0y0+x2y17+x8y11"",""B"":""x0y15+x2y15+x6y11"",""b"":""X"",""d"":18,""excl_opp_detectors"":""True"",""k"":16,""l"":10,""leak_heralds"":""False"",""leak_repump"":""True"",""leakage"":""True"",""loss"":""True"",""m"":21,""n"":420,""p"":0.001,""prllel_1q"":336,""prllel_2q"":84,""r"":20,""repump_cycles"":3,""seq_meas"":""True"",""seq_ops"":""True"",""swapLRC"":""False""}",
         1,         0,         0,    4.39,bposd,054e4755f23154c05fa1e8024ed97c94cd0a202afaef1afa6d543575563fe7b6,"{""A"":""x0y0+x2y17+x8y11"",""B"":""x0y15+x2y15+x6y11"",""b"":""X"",""d"":18,""excl_opp_detectors"":""True"",""k"":16,""l"":10,""leak_heralds"":""False"",""leak_repump"":""True"",""leakage"":""True"",""loss"":""True"",""m"":21,""n"":420,""p"":0.001,""prllel_1q"":336,""prllel_2q"":84,""r"":20,""repump_cycles"":3,""seq_meas"":""True"",""seq_ops"":""True"",""swapLRC"":""False""}",
         1,         1,         0,    25.0,bposd,054e4755f23154c05fa1e8024ed97c94cd0a202afaef1afa6d543575563fe7b6,"{""A"":""x0y0+x2y17+x8y11"",""B"":""x0y15+x2y15+x6y11"",""b"":""X"",""d"":18,""excl_opp_detectors"":""True"",""k"":16,""l"":10,""leak_heralds"":""False"",""leak_repump"":""True"",""leakage"":""True"",""loss"":""True"",""m"":21,""n"":420,""p"":0.001,""prllel_1q"":336,""prllel_2q"":84,""r"":20,""repump_cycles"":3,""seq_meas"":""True"",""seq_ops"":""True"",""swapLRC"":""False""}",
         1,         1,         0,    25.3,bposd,054e4755f23154c05fa1e8024ed97c94cd0a202afaef1afa6d543575563fe7b6,"{""A"":""x0y0+x2y17+x8y11"",""B"":""x0y15+x2y15+x6y11"",""b"":""X"",""d"":18,""excl_opp_detectors"":""True"",""k"":16,""l"":10,""leak_heralds"":""False"",""leak_repump"":""True"",""leakage"":""True"",""loss"":""True"",""m"":21,""n"":420,""p"":0.001,""prllel_1q"":336,""prllel_2q"":84,""r"":20,""repump_cycles"":3,""seq_meas"":""True"",""seq_ops"":""True"",""swapLRC"":""False""}",
         1,         1,         0,    25.5,bposd,d1f5753d6fa52856f481b7327d322605e212a209696db33ff813af933a43d3e8,"{""A"":""x0y0+x8y2+x8y8"",""B"":""x2y13+x10y11+x12y4"",""b"":""X"",""d"":18,""excl_opp_detectors"":""True"",""k"":16,""l"":14,""leak_heralds"":""False"",""leak_repump"":""True"",""leakage"":""True"",""loss"":""True"",""m"":15,""n"":420,""p"":0.001,""prllel_1q"":240,""prllel_2q"":60,""r"":20,""repump_cycles"":3,""seq_meas"":""True"",""seq_ops"":""True"",""swapLRC"":""False""}",
         1,         1,         0,    27.0,bposd,054e4755f23154c05fa1e8024ed97c94cd0a202afaef1afa6d543575563fe7b6,"{""A"":""x0y0+x2y17+x8y11"",""B"":""x0y15+x2y15+x6y11"",""b"":""X"",""d"":18,""excl_opp_detectors"":""True"",""k"":16,""l"":10,""leak_heralds"":""False"",""leak_repump"":""True"",""leakage"":""True"",""loss"":""True"",""m"":21,""n"":420,""p"":0.001,""prllel_1q"":336,""prllel_2q"":84,""r"":20,""repump_cycles"":3,""seq_meas"":""True"",""seq_ops"":""True"",""swapLRC"":""False""}",
         1,         1,         0,    27.2,bposd,054e4755f23154c05fa1e8024ed97c94cd0a202afaef1afa6d543575563fe7b6,"{""A"":""x0y0+x2y17+x8y11"",""B"":""x0y15+x2y15+x6y11"",""b"":""X"",""d"":18,""excl_opp_detectors"":""True"",""k"":16,""l"":10,""leak_heralds"":""False"",""leak_repump"":""True"",""leakage"":""True"",""loss"":""True"",""m"":21,""n"":420,""p"":0.001,""prllel_1q"":336,""prllel_2q"":84,""r"":20,""repump_cycles"":3,""seq_meas"":""True"",""seq_ops"":""True"",""swapLRC"":""False""}",
         1,         1,         0,    27.3,bposd,054e4755f23154c05fa1e8024ed97c94cd0a202afaef1afa6d543575563fe7b6,"{""A"":""x0y0+x2y17+x8y11"",""B"":""x0y15+x2y15+x6y11"",""b"":""X"",""d"":18,""excl_opp_detectors"":""True"",""k"":16,""l"":10,""leak_heralds"":""False"",""leak_repump"":""True"",""leakage"":""True"",""loss"":""True"",""m"":21,""n"":420,""p"":0.001,""prllel_1q"":336,""prllel_2q"":84,""r"":20,""repump_cycles"":3,""seq_meas"":""True"",""seq_ops"":""True"",""swapLRC"":""False""}",
         1,         1,         0,    28.4,bposd,d1f5753d6fa52856f481b7327d322605e212a209696db33ff813af933a43d3e8,"{""A"":""x0y0+x8y2+x8y8"",""B"":""x2y13+x10y11+x12y4"",""b"":""X"",""d"":18,""excl_opp_detectors"":""True"",""k"":16,""l"":14,""leak_heralds"":""False"",""leak_repump"":""True"",""leakage"":""True"",""loss"":""True"",""m"":15,""n"":420,""p"":0.001,""prllel_1q"":240,""prllel_2q"":60,""r"":20,""repump_cycles"":3,""seq_meas"":""True"",""seq_ops"":""True"",""swapLRC"":""False""}",
         1,         1,         0,    28.2,bposd,d1f5753d6fa52856f481b7327d322605e212a209696db33ff813af933a43d3e8,"{""A"":""x0y0+x8y2+x8y8"",""B"":""x2y13+x10y11+x12y4"",""b"":""X"",""d"":18,""excl_opp_detectors"":""True"",""k"":16,""l"":14,""leak_heralds"":""False"",""leak_repump"":""True"",""leakage"":""True"",""loss"":""True"",""m"":15,""n"":420,""p"":0.001,""prllel_1q"":240,""prllel_2q"":60,""r"":20,""repump_cycles"":3,""seq_meas"":""True"",""seq_ops"":""True"",""swapLRC"":""False""}",
         1,         0,         0,    28.3,bposd,d1f5753d6fa52856f481b7327d322605e212a209696db33ff813af933a43d3e8,"{""A"":""x0y0+x8y2+x8y8"",""B"":""x2y13+x10y11+x12y4"",""b"":""X"",""d"":18,""excl_opp_detectors"":""True"",""k"":16,""l"":14,""leak_heralds"":""False"",""leak_repump"":""True"",""leakage"":""True"",""loss"":""True"",""m"":15,""n"":420,""p"":0.001,""prllel_1q"":240,""prllel_2q"":60,""r"":20,""repump_cycles"":3,""seq_meas"":""True"",""seq_ops"":""True"",""swapLRC"":""False""}",
         1,         1,         0,    28.7,bposd,d1f5753d6fa52856f481b7327d322605e212a209696db33ff813af933a43d3e8,"{""A"":""x0y0+x8y2+x8y8"",""B"":""x2y13+x10y11+x12y4"",""b"":""X"",""d"":18,""excl_opp_detectors"":""True"",""k"":16,""l"":14,""leak_heralds"":""False"",""leak_repump"":""True"",""leakage"":""True"",""loss"":""True"",""m"":15,""n"":420,""p"":0.001,""prllel_1q"":240,""prllel_2q"":60,""r"":20,""repump_cycles"":3,""seq_meas"":""True"",""seq_ops"":""True"",""swapLRC"":""False""}",
         1,         1,         0,    29.2,bposd,d1f5753d6fa52856f481b7327d322605e212a209696db33ff813af933a43d3e8,"{""A"":""x0y0+x8y2+x8y8"",""B"":""x2y13+x10y11+x12y4"",""b"":""X"",""d"":18,""excl_opp_detectors"":""True"",""k"":16,""l"":14,""leak_heralds"":""False"",""leak_repump"":""True"",""leakage"":""True"",""loss"":""True"",""m"":15,""n"":420,""p"":0.001,""prllel_1q"":240,""prllel_2q"":60,""r"":20,""repump_cycles"":3,""seq_meas"":""True"",""seq_ops"":""True"",""swapLRC"":""False""}",
         1,         1,         0,    29.1,bposd,d1f5753d6fa52856f481b7327d322605e212a209696db33ff813af933a43d3e8,"{""A"":""x0y0+x8y2+x8y8"",""B"":""x2y13+x10y11+x12y4"",""b"":""X"",""d"":18,""excl_opp_detectors"":""True"",""k"":16,""l"":14,""leak_heralds"":""False"",""leak_repump"":""True"",""leakage"":""True"",""loss"":""True"",""m"":15,""n"":420,""p"":0.001,""prllel_1q"":240,""prllel_2q"":60,""r"":20,""repump_cycles"":3,""seq_meas"":""True"",""seq_ops"":""True"",""swapLRC"":""False""}",
         1,         1,         0,    29.3,bposd,d1f5753d6fa52856f481b7327d322605e212a209696db33ff813af933a43d3e8,"{""A"":""x0y0+x8y2+x8y8"",""B"":""x2y13+x10y11+x12y4"",""b"":""X"",""d"":18,""excl_opp_detectors"":""True"",""k"":16,""l"":14,""leak_heralds"":""False"",""leak_repump"":""True"",""leakage"":""True"",""loss"":""True"",""m"":15,""n"":420,""p"":0.001,""prllel_1q"":240,""prllel_2q"":60,""r"":20,""repump_cycles"":3,""seq_meas"":""True"",""seq_ops"":""True"",""swapLRC"":""False""}",
         1,         1,         0,    29.7,bposd,d1f5753d6fa52856f481b7327d322605e212a209696db33ff813af933a43d3e8,"{""A"":""x0y0+x8y2+x8y8"",""B"":""x2y13+x10y11+x12y4"",""b"":""X"",""d"":18,""excl_opp_detectors"":""True"",""k"":16,""l"":14,""leak_heralds"":""False"",""leak_repump"":""True"",""leakage"":""True"",""loss"":""True"",""m"":15,""n"":420,""p"":0.001,""prllel_1q"":240,""prllel_2q"":60,""r"":20,""repump_cycles"":3,""seq_meas"":""True"",""seq_ops"":""True"",""swapLRC"":""False""}",
         1,         0,         0,    30.2,bposd,d1f5753d6fa52856f481b7327d322605e212a209696db33ff813af933a43d3e8,"{""A"":""x0y0+x8y2+x8y8"",""B"":""x2y13+x10y11+x12y4"",""b"":""X"",""d"":18,""excl_opp_detectors"":""True"",""k"":16,""l"":14,""leak_heralds"":""False"",""leak_repump"":""True"",""leakage"":""True"",""loss"":""True"",""m"":15,""n"":420,""p"":0.001,""prllel_1q"":240,""prllel_2q"":60,""r"":20,""repump_cycles"":3,""seq_meas"":""True"",""seq_ops"":""True"",""swapLRC"":""False""}",
         1,         1,         0,    30.1,bposd,d1f5753d6fa52856f481b7327d322605e212a209696db33ff813af933a43d3e8,"{""A"":""x0y0+x8y2+x8y8"",""B"":""x2y13+x10y11+x12y4"",""b"":""X"",""d"":18,""excl_opp_detectors"":""True"",""k"":16,""l"":14,""leak_heralds"":""False"",""leak_repump"":""True"",""leakage"":""True"",""loss"":""True"",""m"":15,""n"":420,""p"":0.001,""prllel_1q"":240,""prllel_2q"":60,""r"":20,""repump_cycles"":3,""seq_meas"":""True"",""seq_ops"":""True"",""swapLRC"":""False""}",
         1,         1,         0,    30.4,bposd,d1f5753d6fa52856f481b7327d322605e212a209696db33ff813af933a43d3e8,"{""A"":""x0y0+x8y2+x8y8"",""B"":""x2y13+x10y11+x12y4"",""b"":""X"",""d"":18,""excl_opp_detectors"":""True"",""k"":16,""l"":14,""leak_heralds"":""False"",""leak_repump"":""True"",""leakage"":""True"",""loss"":""True"",""m"":15,""n"":420,""p"":0.001,""prllel_1q"":240,""prllel_2q"":60,""r"":20,""repump_cycles"":3,""seq_meas"":""True"",""seq_ops"":""True"",""swapLRC"":""False""}",
         1,         1,         0,    30.8,bposd,d1f5753d6fa52856f481b7327d322605e212a209696db33ff813af933a43d3e8,"{""A"":""x0y0+x8y2+x8y8"",""B"":""x2y13+x10y11+x12y4"",""b"":""X"",""d"":18,""excl_opp_detectors"":""True"",""k"":16,""l"":14,""leak_heralds"":""False"",""leak_repump"":""True"",""leakage"":""True"",""loss"":""True"",""m"":15,""n"":420,""p"":0.001,""prllel_1q"":240,""prllel_2q"":60,""r"":20,""repump_cycles"":3,""seq_meas"":""True"",""seq_ops"":""True"",""swapLRC"":""False""}",
         1,         1,         0,    30.8,bposd,d1f5753d6fa52856f481b7327d322605e212a209696db33ff813af933a43d3e8,"{""A"":""x0y0+x8y2+x8y8"",""B"":""x2y13+x10y11+x12y4"",""b"":""X"",""d"":18,""excl_opp_detectors"":""True"",""k"":16,""l"":14,""leak_heralds"":""False"",""leak_repump"":""True"",""leakage"":""True"",""loss"":""True"",""m"":15,""n"":420,""p"":0.001,""prllel_1q"":240,""prllel_2q"":60,""r"":20,""repump_cycles"":3,""seq_meas"":""True"",""seq_ops"":""True"",""swapLRC"":""False""}",
         1,         1,         0,    30.9,bposd,d1f5753d6fa52856f481b7327d322605e212a209696db33ff813af933a43d3e8,"{""A"":""x0y0+x8y2+x8y8"",""B"":""x2y13+x10y11+x12y4"",""b"":""X"",""d"":18,""excl_opp_detectors"":""True"",""k"":16,""l"":14,""leak_heralds"":""False"",""leak_repump"":""True"",""leakage"":""True"",""loss"":""True"",""m"":15,""n"":420,""p"":0.001,""prllel_1q"":240,""prllel_2q"":60,""r"":20,""repump_cycles"":3,""seq_meas"":""True"",""seq_ops"":""True"",""swapLRC"":""False""}",
         1,         0,         0,    30.5,bposd,d1f5753d6fa52856f481b7327d322605e212a209696db33ff813af933a43d3e8,"{""A"":""x0y0+x8y2+x8y8"",""B"":""x2y13+x10y11+x12y4"",""b"":""X"",""d"":18,""excl_opp_detectors"":""True"",""k"":16,""l"":14,""leak_heralds"":""False"",""leak_repump"":""True"",""leakage"":""True"",""loss"":""True"",""m"":15,""n"":420,""p"":0.001,""prllel_1q"":240,""prllel_2q"":60,""r"":20,""repump_cycles"":3,""seq_meas"":""True"",""seq_ops"":""True"",""swapLRC"":""False""}",
         1,         1,         0,    31.1,bposd,d1f5753d6fa52856f481b7327d322605e212a209696db33ff813af933a43d3e8,"{""A"":""x0y0+x8y2+x8y8"",""B"":""x2y13+x10y11+x12y4"",""b"":""X"",""d"":18,""excl_opp_detectors"":""True"",""k"":16,""l"":14,""leak_heralds"":""False"",""leak_repump"":""True"",""leakage"":""True"",""loss"":""True"",""m"":15,""n"":420,""p"":0.001,""prllel_1q"":240,""prllel_2q"":60,""r"":20,""repump_cycles"":3,""seq_meas"":""True"",""seq_ops"":""True"",""swapLRC"":""False""}",
         1,         1,         0,    31.3,bposd,d1f5753d6fa52856f481b7327d322605e212a209696db33ff813af933a43d3e8,"{""A"":""x0y0+x8y2+x8y8"",""B"":""x2y13+x10y11+x12y4"",""b"":""X"",""d"":18,""excl_opp_detectors"":""True"",""k"":16,""l"":14,""leak_heralds"":""False"",""leak_repump"":""True"",""leakage"":""True"",""loss"":""True"",""m"":15,""n"":420,""p"":0.001,""prllel_1q"":240,""prllel_2q"":60,""r"":20,""repump_cycles"":3,""seq_meas"":""True"",""seq_ops"":""True"",""swapLRC"":""False""}",
         1,         1,         0,    31.4,bposd,d1f5753d6fa52856f481b7327d322605e212a209696db33ff813af933a43d3e8,"{""A"":""x0y0+x8y2+x8y8"",""B"":""x2y13+x10y11+x12y4"",""b"":""X"",""d"":18,""excl_opp_detectors"":""True"",""k"":16,""l"":14,""leak_heralds"":""False"",""leak_repump"":""True"",""leakage"":""True"",""loss"":""True"",""m"":15,""n"":420,""p"":0.001,""prllel_1q"":240,""prllel_2q"":60,""r"":20,""repump_cycles"":3,""seq_meas"":""True"",""seq_ops"":""True"",""swapLRC"":""False""}",
         1,         1,         0,    31.6,bposd,d1f5753d6fa52856f481b7327d322605e212a209696db33ff813af933a43d3e8,"{""A"":""x0y0+x8y2+x8y8"",""B"":""x2y13+x10y11+x12y4"",""b"":""X"",""d"":18,""excl_opp_detectors"":""True"",""k"":16,""l"":14,""leak_heralds"":""False"",""leak_repump"":""True"",""leakage"":""True"",""loss"":""True"",""m"":15,""n"":420,""p"":0.001,""prllel_1q"":240,""prllel_2q"":60,""r"":20,""repump_cycles"":3,""seq_meas"":""True"",""seq_ops"":""True"",""swapLRC"":""False""}",
         1,         1,         0,    31.7,bposd,d1f5753d6fa52856f481b7327d322605e212a209696db33ff813af933a43d3e8,"{""A"":""x0y0+x8y2+x8y8"",""B"":""x2y13+x10y11+x12y4"",""b"":""X"",""d"":18,""excl_opp_detectors"":""True"",""k"":16,""l"":14,""leak_heralds"":""False"",""leak_repump"":""True"",""leakage"":""True"",""loss"":""True"",""m"":15,""n"":420,""p"":0.001,""prllel_1q"":240,""prllel_2q"":60,""r"":20,""repump_cycles"":3,""seq_meas"":""True"",""seq_ops"":""True"",""swapLRC"":""False""}",
         1,         1,         0,    31.4,bposd,d1f5753d6fa52856f481b7327d322605e212a209696db33ff813af933a43d3e8,"{""A"":""x0y0+x8y2+x8y8"",""B"":""x2y13+x10y11+x12y4"",""b"":""X"",""d"":18,""excl_opp_detectors"":""True"",""k"":16,""l"":14,""leak_heralds"":""False"",""leak_repump"":""True"",""leakage"":""True"",""loss"":""True"",""m"":15,""n"":420,""p"":0.001,""prllel_1q"":240,""prllel_2q"":60,""r"":20,""repump_cycles"":3,""seq_meas"":""True"",""seq_ops"":""True"",""swapLRC"":""False""}",
         1,         1,         0,    31.4,bposd,d1f5753d6fa52856f481b7327d322605e212a209696db33ff813af933a43d3e8,"{""A"":""x0y0+x8y2+x8y8"",""B"":""x2y13+x10y11+x12y4"",""b"":""X"",""d"":18,""excl_opp_detectors"":""True"",""k"":16,""l"":14,""leak_heralds"":""False"",""leak_repump"":""True"",""leakage"":""True"",""loss"":""True"",""m"":15,""n"":420,""p"":0.001,""prllel_1q"":240,""prllel_2q"":60,""r"":20,""repump_cycles"":3,""seq_meas"":""True"",""seq_ops"":""True"",""swapLRC"":""False""}",
         1,         1,         0,    31.7,bposd,d1f5753d6fa52856f481b7327d322605e212a209696db33ff813af933a43d3e8,"{""A"":""x0y0+x8y2+x8y8"",""B"":""x2y13+x10y11+x12y4"",""b"":""X"",""d"":18,""excl_opp_detectors"":""True"",""k"":16,""l"":14,""leak_heralds"":""False"",""leak_repump"":""True"",""leakage"":""True"",""loss"":""True"",""m"":15,""n"":420,""p"":0.001,""prllel_1q"":240,""prllel_2q"":60,""r"":20,""repump_cycles"":3,""seq_meas"":""True"",""seq_ops"":""True"",""swapLRC"":""False""}",
         1,         0,         0,    31.6,bposd,d1f5753d6fa52856f481b7327d322605e212a209696db33ff813af933a43d3e8,"{""A"":""x0y0+x8y2+x8y8"",""B"":""x2y13+x10y11+x12y4"",""b"":""X"",""d"":18,""excl_opp_detectors"":""True"",""k"":16,""l"":14,""leak_heralds"":""False"",""leak_repump"":""True"",""leakage"":""True"",""loss"":""True"",""m"":15,""n"":420,""p"":0.001,""prllel_1q"":240,""prllel_2q"":60,""r"":20,""repump_cycles"":3,""seq_meas"":""True"",""seq_ops"":""True"",""swapLRC"":""False""}",
         1,         1,         0,    32.2,bposd,d1f5753d6fa52856f481b7327d322605e212a209696db33ff813af933a43d3e8,"{""A"":""x0y0+x8y2+x8y8"",""B"":""x2y13+x10y11+x12y4"",""b"":""X"",""d"":18,""excl_opp_detectors"":""True"",""k"":16,""l"":14,""leak_heralds"":""False"",""leak_repump"":""True"",""leakage"":""True"",""loss"":""True"",""m"":15,""n"":420,""p"":0.001,""prllel_1q"":240,""prllel_2q"":60,""r"":20,""repump_cycles"":3,""seq_meas"":""True"",""seq_ops"":""True"",""swapLRC"":""False""}",
         1,         1,         0,    32.3,bposd,d1f5753d6fa52856f481b7327d322605e212a209696db33ff813af933a43d3e8,"{""A"":""x0y0+x8y2+x8y8"",""B"":""x2y13+x10y11+x12y4"",""b"":""X"",""d"":18,""excl_opp_detectors"":""True"",""k"":16,""l"":14,""leak_heralds"":""False"",""leak_repump"":""True"",""leakage"":""True"",""loss"":""True"",""m"":15,""n"":420,""p"":0.001,""prllel_1q"":240,""prllel_2q"":60,""r"":20,""repump_cycles"":3,""seq_meas"":""True"",""seq_ops"":""True"",""swapLRC"":""False""}",
         1,         1,         0,    32.4,bposd,d1f5753d6fa52856f481b7327d322605e212a209696db33ff813af933a43d3e8,"{""A"":""x0y0+x8y2+x8y8"",""B"":""x2y13+x10y11+x12y4"",""b"":""X"",""d"":18,""excl_opp_detectors"":""True"",""k"":16,""l"":14,""leak_heralds"":""False"",""leak_repump"":""True"",""leakage"":""True"",""loss"":""True"",""m"":15,""n"":420,""p"":0.001,""prllel_1q"":240,""prllel_2q"":60,""r"":20,""repump_cycles"":3,""seq_meas"":""True"",""seq_ops"":""True"",""swapLRC"":""False""}",
         1,         1,         0,    32.8,bposd,d1f5753d6fa52856f481b7327d322605e212a209696db33ff813af933a43d3e8,"{""A"":""x0y0+x8y2+x8y8"",""B"":""x2y13+x10y11+x12y4"",""b"":""X"",""d"":18,""excl_opp_detectors"":""True"",""k"":16,""l"":14,""leak_heralds"":""False"",""leak_repump"":""True"",""leakage"":""True"",""loss"":""True"",""m"":15,""n"":420,""p"":0.001,""prllel_1q"":240,""prllel_2q"":60,""r"":20,""repump_cycles"":3,""seq_meas"":""True"",""seq_ops"":""True"",""swapLRC"":""False""}",
         1,         1,         0,    33.9,bposd,d1f5753d6fa52856f481b7327d322605e212a209696db33ff813af933a43d3e8,"{""A"":""x0y0+x8y2+x8y8"",""B"":""x2y13+x10y11+x12y4"",""b"":""X"",""d"":18,""excl_opp_detectors"":""True"",""k"":16,""l"":14,""leak_heralds"":""False"",""leak_repump"":""True"",""leakage"":""True"",""loss"":""True"",""m"":15,""n"":420,""p"":0.001,""prllel_1q"":240,""prllel_2q"":60,""r"":20,""repump_cycles"":3,""seq_meas"":""True"",""seq_ops"":""True"",""swapLRC"":""False""}",
         1,         1,         0,    34.7,bposd,d1f5753d6fa52856f481b7327d322605e212a209696db33ff813af933a43d3e8,"{""A"":""x0y0+x8y2+x8y8"",""B"":""x2y13+x10y11+x12y4"",""b"":""X"",""d"":18,""excl_opp_detectors"":""True"",""k"":16,""l"":14,""leak_heralds"":""False"",""leak_repump"":""True"",""leakage"":""True"",""loss"":""True"",""m"":15,""n"":420,""p"":0.001,""prllel_1q"":240,""prllel_2q"":60,""r"":20,""repump_cycles"":3,""seq_meas"":""True"",""seq_ops"":""True"",""swapLRC"":""False""}",
         1,         1,         0,    38.5,bposd,d1f5753d6fa52856f481b7327d322605e212a209696db33ff813af933a43d3e8,"{""A"":""x0y0+x8y2+x8y8"",""B"":""x2y13+x10y11+x12y4"",""b"":""X"",""d"":18,""excl_opp_detectors"":""True"",""k"":16,""l"":14,""leak_heralds"":""False"",""leak_repump"":""True"",""leakage"":""True"",""loss"":""True"",""m"":15,""n"":420,""p"":0.001,""prllel_1q"":240,""prllel_2q"":60,""r"":20,""repump_cycles"":3,""seq_meas"":""True"",""seq_ops"":""True"",""swapLRC"":""False""}",
         1,         1,         0,    19.9,bposd,054e4755f23154c05fa1e8024ed97c94cd0a202afaef1afa6d543575563fe7b6,"{""A"":""x0y0+x2y17+x8y11"",""B"":""x0y15+x2y15+x6y11"",""b"":""X"",""d"":18,""excl_opp_detectors"":""True"",""k"":16,""l"":10,""leak_heralds"":""False"",""leak_repump"":""True"",""leakage"":""True"",""loss"":""True"",""m"":21,""n"":420,""p"":0.001,""prllel_1q"":336,""prllel_2q"":84,""r"":20,""repump_cycles"":3,""seq_meas"":""True"",""seq_ops"":""True"",""swapLRC"":""False""}",
         1,         1,         0,    19.7,bposd,054e4755f23154c05fa1e8024ed97c94cd0a202afaef1afa6d543575563fe7b6,"{""A"":""x0y0+x2y17+x8y11"",""B"":""x0y15+x2y15+x6y11"",""b"":""X"",""d"":18,""excl_opp_detectors"":""True"",""k"":16,""l"":10,""leak_heralds"":""False"",""leak_repump"":""True"",""leakage"":""True"",""loss"":""True"",""m"":21,""n"":420,""p"":0.001,""prllel_1q"":336,""prllel_2q"":84,""r"":20,""repump_cycles"":3,""seq_meas"":""True"",""seq_ops"":""True"",""swapLRC"":""False""}",
         1,         1,         0,    18.9,bposd,054e4755f23154c05fa1e8024ed97c94cd0a202afaef1afa6d543575563fe7b6,"{""A"":""x0y0+x2y17+x8y11"",""B"":""x0y15+x2y15+x6y11"",""b"":""X"",""d"":18,""excl_opp_detectors"":""True"",""k"":16,""l"":10,""leak_heralds"":""False"",""leak_repump"":""True"",""leakage"":""True"",""loss"":""True"",""m"":21,""n"":420,""p"":0.001,""prllel_1q"":336,""prllel_2q"":84,""r"":20,""repump_cycles"":3,""seq_meas"":""True"",""seq_ops"":""True"",""swapLRC"":""False""}",
         1,         1,         0,    20.7,bposd,054e4755f23154c05fa1e8024ed97c94cd0a202afaef1afa6d543575563fe7b6,"{""A"":""x0y0+x2y17+x8y11"",""B"":""x0y15+x2y15+x6y11"",""b"":""X"",""d"":18,""excl_opp_detectors"":""True"",""k"":16,""l"":10,""leak_heralds"":""False"",""leak_repump"":""True"",""leakage"":""True"",""loss"":""True"",""m"":21,""n"":420,""p"":0.001,""prllel_1q"":336,""prllel_2q"":84,""r"":20,""repump_cycles"":3,""seq_meas"":""True"",""seq_ops"":""True"",""swapLRC"":""False""}",
         1,         1,         0,    20.1,bposd,054e4755f23154c05fa1e8024ed97c94cd0a202afaef1afa6d543575563fe7b6,"{""A"":""x0y0+x2y17+x8y11"",""B"":""x0y15+x2y15+x6y11"",""b"":""X"",""d"":18,""excl_opp_detectors"":""True"",""k"":16,""l"":10,""leak_heralds"":""False"",""leak_repump"":""True"",""leakage"":""True"",""loss"":""True"",""m"":21,""n"":420,""p"":0.001,""prllel_1q"":336,""prllel_2q"":84,""r"":20,""repump_cycles"":3,""seq_meas"":""True"",""seq_ops"":""True"",""swapLRC"":""False""}",
         1,         1,         0,    20.5,bposd,054e4755f23154c05fa1e8024ed97c94cd0a202afaef1afa6d543575563fe7b6,"{""A"":""x0y0+x2y17+x8y11"",""B"":""x0y15+x2y15+x6y11"",""b"":""X"",""d"":18,""excl_opp_detectors"":""True"",""k"":16,""l"":10,""leak_heralds"":""False"",""leak_repump"":""True"",""leakage"":""True"",""loss"":""True"",""m"":21,""n"":420,""p"":0.001,""prllel_1q"":336,""prllel_2q"":84,""r"":20,""repump_cycles"":3,""seq_meas"":""True"",""seq_ops"":""True"",""swapLRC"":""False""}",
         1,         1,         0,    20.8,bposd,054e4755f23154c05fa1e8024ed97c94cd0a202afaef1afa6d543575563fe7b6,"{""A"":""x0y0+x2y17+x8y11"",""B"":""x0y15+x2y15+x6y11"",""b"":""X"",""d"":18,""excl_opp_detectors"":""True"",""k"":16,""l"":10,""leak_heralds"":""False"",""leak_repump"":""True"",""leakage"":""True"",""loss"":""True"",""m"":21,""n"":420,""p"":0.001,""prllel_1q"":336,""prllel_2q"":84,""r"":20,""repump_cycles"":3,""seq_meas"":""True"",""seq_ops"":""True"",""swapLRC"":""False""}",
         1,         1,         0,    22.7,bposd,054e4755f23154c05fa1e8024ed97c94cd0a202afaef1afa6d543575563fe7b6,"{""A"":""x0y0+x2y17+x8y11"",""B"":""x0y15+x2y15+x6y11"",""b"":""X"",""d"":18,""excl_opp_detectors"":""True"",""k"":16,""l"":10,""leak_heralds"":""False"",""leak_repump"":""True"",""leakage"":""True"",""loss"":""True"",""m"":21,""n"":420,""p"":0.001,""prllel_1q"":336,""prllel_2q"":84,""r"":20,""repump_cycles"":3,""seq_meas"":""True"",""seq_ops"":""True"",""swapLRC"":""False""}",
         1,         1,         0,    22.5,bposd,054e4755f23154c05fa1e8024ed97c94cd0a202afaef1afa6d543575563fe7b6,"{""A"":""x0y0+x2y17+x8y11"",""B"":""x0y15+x2y15+x6y11"",""b"":""X"",""d"":18,""excl_opp_detectors"":""True"",""k"":16,""l"":10,""leak_heralds"":""False"",""leak_repump"":""True"",""leakage"":""True"",""loss"":""True"",""m"":21,""n"":420,""p"":0.001,""prllel_1q"":336,""prllel_2q"":84,""r"":20,""repump_cycles"":3,""seq_meas"":""True"",""seq_ops"":""True"",""swapLRC"":""False""}",
         1,         1,         0,    23.7,bposd,054e4755f23154c05fa1e8024ed97c94cd0a202afaef1afa6d543575563fe7b6,"{""A"":""x0y0+x2y17+x8y11"",""B"":""x0y15+x2y15+x6y11"",""b"":""X"",""d"":18,""excl_opp_detectors"":""True"",""k"":16,""l"":10,""leak_heralds"":""False"",""leak_repump"":""True"",""leakage"":""True"",""loss"":""True"",""m"":21,""n"":420,""p"":0.001,""prllel_1q"":336,""prllel_2q"":84,""r"":20,""repump_cycles"":3,""seq_meas"":""True"",""seq_ops"":""True"",""swapLRC"":""False""}",
         1,         1,         0,    23.7,bposd,054e4755f23154c05fa1e8024ed97c94cd0a202afaef1afa6d543575563fe7b6,"{""A"":""x0y0+x2y17+x8y11"",""B"":""x0y15+x2y15+x6y11"",""b"":""X"",""d"":18,""excl_opp_detectors"":""True"",""k"":16,""l"":10,""leak_heralds"":""False"",""leak_repump"":""True"",""leakage"":""True"",""loss"":""True"",""m"":21,""n"":420,""p"":0.001,""prllel_1q"":336,""prllel_2q"":84,""r"":20,""repump_cycles"":3,""seq_meas"":""True"",""seq_ops"":""True"",""swapLRC"":""False""}",
         1,         1,         0,    21.7,bposd,d1f5753d6fa52856f481b7327d322605e212a209696db33ff813af933a43d3e8,"{""A"":""x0y0+x8y2+x8y8"",""B"":""x2y13+x10y11+x12y4"",""b"":""X"",""d"":18,""excl_opp_detectors"":""True"",""k"":16,""l"":14,""leak_heralds"":""False"",""leak_repump"":""True"",""leakage"":""True"",""loss"":""True"",""m"":15,""n"":420,""p"":0.001,""prllel_1q"":240,""prllel_2q"":60,""r"":20,""repump_cycles"":3,""seq_meas"":""True"",""seq_ops"":""True"",""swapLRC"":""False""}",
         1,         0,         0,    19.5,bposd,d1f5753d6fa52856f481b7327d322605e212a209696db33ff813af933a43d3e8,"{""A"":""x0y0+x8y2+x8y8"",""B"":""x2y13+x10y11+x12y4"",""b"":""X"",""d"":18,""excl_opp_detectors"":""True"",""k"":16,""l"":14,""leak_heralds"":""False"",""leak_repump"":""True"",""leakage"":""True"",""loss"":""True"",""m"":15,""n"":420,""p"":0.001,""prllel_1q"":240,""prllel_2q"":60,""r"":20,""repump_cycles"":3,""seq_meas"":""True"",""seq_ops"":""True"",""swapLRC"":""False""}",
         1,         0,         0,    21.3,bposd,d1f5753d6fa52856f481b7327d322605e212a209696db33ff813af933a43d3e8,"{""A"":""x0y0+x8y2+x8y8"",""B"":""x2y13+x10y11+x12y4"",""b"":""X"",""d"":18,""excl_opp_detectors"":""True"",""k"":16,""l"":14,""leak_heralds"":""False"",""leak_repump"":""True"",""leakage"":""True"",""loss"":""True"",""m"":15,""n"":420,""p"":0.001,""prllel_1q"":240,""prllel_2q"":60,""r"":20,""repump_cycles"":3,""seq_meas"":""True"",""seq_ops"":""True"",""swapLRC"":""False""}",
         1,         1,         0,    22.4,bposd,d1f5753d6fa52856f481b7327d322605e212a209696db33ff813af933a43d3e8,"{""A"":""x0y0+x8y2+x8y8"",""B"":""x2y13+x10y11+x12y4"",""b"":""X"",""d"":18,""excl_opp_detectors"":""True"",""k"":16,""l"":14,""leak_heralds"":""False"",""leak_repump"":""True"",""leakage"":""True"",""loss"":""True"",""m"":15,""n"":420,""p"":0.001,""prllel_1q"":240,""prllel_2q"":60,""r"":20,""repump_cycles"":3,""seq_meas"":""True"",""seq_ops"":""True"",""swapLRC"":""False""}",
         1,         1,         0,    22.1,bposd,d1f5753d6fa52856f481b7327d322605e212a209696db33ff813af933a43d3e8,"{""A"":""x0y0+x8y2+x8y8"",""B"":""x2y13+x10y11+x12y4"",""b"":""X"",""d"":18,""excl_opp_detectors"":""True"",""k"":16,""l"":14,""leak_heralds"":""False"",""leak_repump"":""True"",""leakage"":""True"",""loss"":""True"",""m"":15,""n"":420,""p"":0.001,""prllel_1q"":240,""prllel_2q"":60,""r"":20,""repump_cycles"":3,""seq_meas"":""True"",""seq_ops"":""True"",""swapLRC"":""False""}",
         1,         1,         0,    21.4,bposd,d1f5753d6fa52856f481b7327d322605e212a209696db33ff813af933a43d3e8,"{""A"":""x0y0+x8y2+x8y8"",""B"":""x2y13+x10y11+x12y4"",""b"":""X"",""d"":18,""excl_opp_detectors"":""True"",""k"":16,""l"":14,""leak_heralds"":""False"",""leak_repump"":""True"",""leakage"":""True"",""loss"":""True"",""m"":15,""n"":420,""p"":0.001,""prllel_1q"":240,""prllel_2q"":60,""r"":20,""repump_cycles"":3,""seq_meas"":""True"",""seq_ops"":""True"",""swapLRC"":""False""}",
         1,         1,         0,    23.2,bposd,d1f5753d6fa52856f481b7327d322605e212a209696db33ff813af933a43d3e8,"{""A"":""x0y0+x8y2+x8y8"",""B"":""x2y13+x10y11+x12y4"",""b"":""X"",""d"":18,""excl_opp_detectors"":""True"",""k"":16,""l"":14,""leak_heralds"":""False"",""leak_repump"":""True"",""leakage"":""True"",""loss"":""True"",""m"":15,""n"":420,""p"":0.001,""prllel_1q"":240,""prllel_2q"":60,""r"":20,""repump_cycles"":3,""seq_meas"":""True"",""seq_ops"":""True"",""swapLRC"":""False""}",
         1,         1,         0,    22.1,bposd,d1f5753d6fa52856f481b7327d322605e212a209696db33ff813af933a43d3e8,"{""A"":""x0y0+x8y2+x8y8"",""B"":""x2y13+x10y11+x12y4"",""b"":""X"",""d"":18,""excl_opp_detectors"":""True"",""k"":16,""l"":14,""leak_heralds"":""False"",""leak_repump"":""True"",""leakage"":""True"",""loss"":""True"",""m"":15,""n"":420,""p"":0.001,""prllel_1q"":240,""prllel_2q"":60,""r"":20,""repump_cycles"":3,""seq_meas"":""True"",""seq_ops"":""True"",""swapLRC"":""False""}",
         1,         0,         0,    22.0,bposd,d1f5753d6fa52856f481b7327d322605e212a209696db33ff813af933a43d3e8,"{""A"":""x0y0+x8y2+x8y8"",""B"":""x2y13+x10y11+x12y4"",""b"":""X"",""d"":18,""excl_opp_detectors"":""True"",""k"":16,""l"":14,""leak_heralds"":""False"",""leak_repump"":""True"",""leakage"":""True"",""loss"":""True"",""m"":15,""n"":420,""p"":0.001,""prllel_1q"":240,""prllel_2q"":60,""r"":20,""repump_cycles"":3,""seq_meas"":""True"",""seq_ops"":""True"",""swapLRC"":""False""}",
         1,         1,         0,    23.8,bposd,d1f5753d6fa52856f481b7327d322605e212a209696db33ff813af933a43d3e8,"{""A"":""x0y0+x8y2+x8y8"",""B"":""x2y13+x10y11+x12y4"",""b"":""X"",""d"":18,""excl_opp_detectors"":""True"",""k"":16,""l"":14,""leak_heralds"":""False"",""leak_repump"":""True"",""leakage"":""True"",""loss"":""True"",""m"":15,""n"":420,""p"":0.001,""prllel_1q"":240,""prllel_2q"":60,""r"":20,""repump_cycles"":3,""seq_meas"":""True"",""seq_ops"":""True"",""swapLRC"":""False""}",
         1,         1,         0,    24.3,bposd,d1f5753d6fa52856f481b7327d322605e212a209696db33ff813af933a43d3e8,"{""A"":""x0y0+x8y2+x8y8"",""B"":""x2y13+x10y11+x12y4"",""b"":""X"",""d"":18,""excl_opp_detectors"":""True"",""k"":16,""l"":14,""leak_heralds"":""False"",""leak_repump"":""True"",""leakage"":""True"",""loss"":""True"",""m"":15,""n"":420,""p"":0.001,""prllel_1q"":240,""prllel_2q"":60,""r"":20,""repump_cycles"":3,""seq_meas"":""True"",""seq_ops"":""True"",""swapLRC"":""False""}",
         1,         1,         0,    26.7,bposd,d1f5753d6fa52856f481b7327d322605e212a209696db33ff813af933a43d3e8,"{""A"":""x0y0+x8y2+x8y8"",""B"":""x2y13+x10y11+x12y4"",""b"":""X"",""d"":18,""excl_opp_detectors"":""True"",""k"":16,""l"":14,""leak_heralds"":""False"",""leak_repump"":""True"",""leakage"":""True"",""loss"":""True"",""m"":15,""n"":420,""p"":0.001,""prllel_1q"":240,""prllel_2q"":60,""r"":20,""repump_cycles"":3,""seq_meas"":""True"",""seq_ops"":""True"",""swapLRC"":""False""}",
